machine,fast_cores,chains,threads,mean_chain,total_exec,elapsed,overhead,brms,cmdstan,r,os,date
Apple M4 Pro,8,4,1,45.4,46.6,51.4,4.8,2.23.0,2.39.0,R version 4.6.0 (2026-04-24),Darwin 24.6.0,9/10/26
Apple M4 Pro,8,4,1,45.7,47,51.6,4.7,2.23.0,2.39.0,R version 4.6.0 (2026-04-24),Darwin 24.6.0,9/10/26
Apple M4 Pro,8,4,2,32.9,34.9,44.5,9.6,2.23.0,2.39.0,R version 4.6.0 (2026-04-24),Darwin 24.6.0,9/10/26
Apple M4 Pro,8,4,2,32.9,34.4,39.1,4.7,2.23.0,2.39.0,R version 4.6.0 (2026-04-24),Darwin 24.6.0,9/10/26
AMD Ryzen 9 5950X 16-Core,16,4,1,57.2,59.1,73.9,14.8,2.23.0,2.39.0,R version 4.6.1 (2026-06-24),Linux 7.0.0-31-generic,9/10/26
AMD Ryzen 9 5950X 16-Core,16,4,1,56.9,59.1,63.2,4.2,2.23.0,2.39.0,R version 4.6.1 (2026-06-24),Linux 7.0.0-31-generic,9/10/26
AMD Ryzen 9 5950X 16-Core,16,4,2,36.4,37.3,50.9,13.6,2.23.0,2.39.0,R version 4.6.1 (2026-06-24),Linux 7.0.0-31-generic,9/10/26
AMD Ryzen 9 5950X 16-Core,16,4,2,36.5,38,42.3,4.3,2.23.0,2.39.0,R version 4.6.1 (2026-06-24),Linux 7.0.0-31-generic,9/10/26
AMD Ryzen 9 5950X 16-Core,16,4,3,32.2,32.7,37,4.3,2.23.0,2.39.0,R version 4.6.1 (2026-06-24),Linux 7.0.0-31-generic,9/10/26
AMD Ryzen 9 5950X 16-Core,16,4,3,31.9,33.4,37.8,4.4,2.23.0,2.39.0,R version 4.6.1 (2026-06-24),Linux 7.0.0-31-generic,9/10/26
AMD Ryzen 9 5950X 16-Core,16,4,4,26.2,26.8,31.3,4.5,2.23.0,2.39.0,R version 4.6.1 (2026-06-24),Linux 7.0.0-31-generic,9/10/26
AMD Ryzen 9 5950X 16-Core,16,4,4,27.1,27.9,32.1,4.2,2.23.0,2.39.0,R version 4.6.1 (2026-06-24),Linux 7.0.0-31-generic,9/10/26
AMD Ryzen 5 5625U (WSL2),6,3,1,89.8,92.3,141.6,49.2,2.20.4,2.39.0,R version 4.3.3 (2024-02-29),Linux 6.18.33.2-microsoft-standard-WSL2,9/11/26
AMD Ryzen 5 5625U (WSL2),6,3,2,65.5,67.9,106.8,38.9,2.20.4,2.39.0,R version 4.3.3 (2024-02-29),Linux 6.18.33.2-microsoft-standard-WSL2,9/11/26
Apple M4 Max,12,4,1,45.1,46.4,56,9.6,2.23.0,2.39.0,R version 4.6.1 (2026-06-24),Darwin 24.6.0,9/12/26
Apple M4 Max,12,4,1,45.1,46.5,50.8,4.4,2.23.0,2.39.0,R version 4.6.1 (2026-06-24),Darwin 24.6.0,9/12/26
Apple M4 Max,12,4,2,30.4,31,40.1,9.1,2.23.0,2.39.0,R version 4.6.1 (2026-06-24),Darwin 24.6.0,9/12/26
Apple M4 Max,12,4,2,30.4,31,35.3,4.3,2.23.0,2.39.0,R version 4.6.1 (2026-06-24),Darwin 24.6.0,9/12/26
Apple M4 Max,12,4,3,27.6,29,33.3,4.4,2.23.0,2.39.0,R version 4.6.1 (2026-06-24),Darwin 24.6.0,9/12/26
Apple M4 Max,12,4,3,27.6,28.2,32.6,4.4,2.23.0,2.39.0,R version 4.6.1 (2026-06-24),Darwin 24.6.0,9/12/26